{"count":1,"self":679.12130559999991,"total":683.9819272,"children":{"InitializeActuators":{"count":9,"self":0.0010082,"total":0.0010082,"children":null},"InitializeSensors":{"count":9,"self":0.0015095999999999998,"total":0.0015095999999999998,"children":null},"AgentSendState":{"count":33951,"self":0.1794284,"total":0.48775359999999995,"children":{"CollectObservations":{"count":61119,"self":0.23072969999999998,"total":0.23072969999999998,"children":null},"WriteActionMask":{"count":61119,"self":0.0254198,"total":0.0254198,"children":null},"RequestDecision":{"count":61119,"self":0.0521757,"total":0.0521757,"children":null}}},"DecideAction":{"count":33951,"self":3.1387579999999997,"total":3.1387579,"children":null},"AgentAct":{"count":33951,"self":1.2305789999999999,"total":1.2305789999999999,"children":null}},"gauges":{"BallOnFloor.CumulativeReward":{"count":95,"max":100.099045,"min":1.19999993,"runningAverage":57.0089722,"value":4.99999666,"weightedAverage":10.1736641}},"metadata":{"timer_format_version":"0.1.0","start_time_seconds":"1710225611","unity_version":"2022.3.20f1","command_line_arguments":"D:\\Unity\\Hub\\Editor\\2022.3.20f1\\Editor\\Unity.exe -projectpath D:\\Unity\\Project\\MLAgent_pratice -useHub -hubIPC -cloudEnvironment production","communication_protocol_version":"1.5.0","com.unity.ml-agents_version":"2.3.0-exp.3","scene_name":"BallOnFloor","end_time_seconds":"1710226294"}}