{"count":1,"self":175.40020479999998,"total":307.9830843,"children":{"InitializeActuators":{"count":12,"self":0.0031,"total":0.0031,"children":null},"InitializeSensors":{"count":12,"self":0.0051953,"total":0.0051953,"children":null},"AgentSendState":{"count":30801,"self":3.9339888,"total":20.4596216,"children":{"CollectObservations":{"count":73932,"self":0.030711299999999997,"total":0.030711299999999997,"children":null},"WriteActionMask":{"count":73932,"self":0.0473117,"total":0.0473117,"children":null},"RequestDecision":{"count":73932,"self":0.22058809999999998,"total":16.4476099,"children":{"AgentInfo.ToProto":{"count":73932,"self":0.1769545,"total":16.2270218,"children":{"GenerateSensorData":{"count":73932,"self":15.892366399999998,"total":16.0500673,"children":{"RayPerceptionSensor.Perceive":{"count":73932,"self":0.1577007,"total":0.1577007,"children":null}}}}}}}}},"DecideAction":{"count":30801,"self":109.8341248,"total":109.83412589999999,"children":null},"AgentAct":{"count":30801,"self":1.2094204,"total":1.2094204,"children":null},"AgentInfo.ToProto":{"count":2314,"self":0.021118599999999998,"total":1.070898,"children":{"GenerateSensorData":{"count":2314,"self":1.0460498999999999,"total":1.0497794,"children":{"RayPerceptionSensor.Perceive":{"count":2314,"self":0.0037294999999999997,"total":0.0037294999999999997,"children":null}}}}}},"gauges":{"MummyRay.CumulativeReward":{"count":2314,"max":10.7411461,"min":-2.10440063,"runningAverage":0.361665964,"value":2.921793,"weightedAverage":2.35669351}},"metadata":{"timer_format_version":"0.1.0","start_time_seconds":"1712041351","unity_version":"2022.3.20f1","command_line_arguments":"D:\\Unity\\Hub\\Editor\\2022.3.20f1\\Editor\\Unity.exe -projectpath D:\\Code\\GitHub\\MLAgent -useHub -hubIPC -cloudEnvironment production","communication_protocol_version":"1.5.0","com.unity.ml-agents_version":"2.3.0-exp.3","scene_name":"MummyRay","end_time_seconds":"1712041659"}}